<annotation>
	<folder>images</folder>
	<filename>n02085782_2978.jpg</filename>
	<path>/run/media/neo/Space/YOLOv3_JKTYRE/data/train/images/n02085782_2978.jpg</path>
	<source>
		<database>Unknown</database>
	</source>
	<size>
		<width>476</width>
		<height>331</height>
		<depth>3</depth>
	</size>
	<segmented>0</segmented>
	<object>
		<name>dog</name>
		<pose>Unspecified</pose>
		<truncated>0</truncated>
		<difficult>0</difficult>
		<bndbox>
			<xmin>91</xmin>
			<ymin>10</ymin>
			<xmax>223</xmax>
			<ymax>282</ymax>
		</bndbox>
	</object>
	<object>
		<name>dog</name>
		<pose>Unspecified</pose>
		<truncated>0</truncated>
		<difficult>0</difficult>
		<bndbox>
			<xmin>214</xmin>
			<ymin>10</ymin>
			<xmax>460</xmax>
			<ymax>259</ymax>
		</bndbox>
	</object>
</annotation>
