<annotation>
	<folder>images</folder>
	<filename>n02085782_3720.jpg</filename>
	<path>/run/media/neo/Space/YOLOv3_JKTYRE/data/train/images/n02085782_3720.jpg</path>
	<source>
		<database>Unknown</database>
	</source>
	<size>
		<width>567</width>
		<height>452</height>
		<depth>3</depth>
	</size>
	<segmented>0</segmented>
	<object>
		<name>dog</name>
		<pose>Unspecified</pose>
		<truncated>0</truncated>
		<difficult>0</difficult>
		<bndbox>
			<xmin>46</xmin>
			<ymin>16</ymin>
			<xmax>548</xmax>
			<ymax>408</ymax>
		</bndbox>
	</object>
</annotation>
