<annotation>
	<folder>images</folder>
	<filename>n02085782_3158.jpg</filename>
	<path>/run/media/neo/Space/YOLOv3_JKTYRE/data/train/images/n02085782_3158.jpg</path>
	<source>
		<database>Unknown</database>
	</source>
	<size>
		<width>817</width>
		<height>429</height>
		<depth>3</depth>
	</size>
	<segmented>0</segmented>
	<object>
		<name>dog</name>
		<pose>Unspecified</pose>
		<truncated>1</truncated>
		<difficult>0</difficult>
		<bndbox>
			<xmin>9</xmin>
			<ymin>4</ymin>
			<xmax>339</xmax>
			<ymax>429</ymax>
		</bndbox>
	</object>
	<object>
		<name>dog</name>
		<pose>Unspecified</pose>
		<truncated>0</truncated>
		<difficult>0</difficult>
		<bndbox>
			<xmin>372</xmin>
			<ymin>51</ymin>
			<xmax>803</xmax>
			<ymax>366</ymax>
		</bndbox>
	</object>
</annotation>
