<annotation>
	<folder>images</folder>
	<filename>n02085620_11696.jpg</filename>
	<path>/run/media/neo/Space/YOLOv3_JKTYRE/data/train/images/n02085620_11696.jpg</path>
	<source>
		<database>Unknown</database>
	</source>
	<size>
		<width>800</width>
		<height>600</height>
		<depth>3</depth>
	</size>
	<segmented>0</segmented>
	<object>
		<name>dog</name>
		<pose>Unspecified</pose>
		<truncated>1</truncated>
		<difficult>0</difficult>
		<bndbox>
			<xmin>188</xmin>
			<ymin>1</ymin>
			<xmax>714</xmax>
			<ymax>507</ymax>
		</bndbox>
	</object>
</annotation>
