<annotation>
	<folder>images</folder>
	<filename>n02085936_7142.jpg</filename>
	<path>/run/media/neo/Space/YOLOv3_JKTYRE/data/train/images/n02085936_7142.jpg</path>
	<source>
		<database>Unknown</database>
	</source>
	<size>
		<width>1268</width>
		<height>928</height>
		<depth>3</depth>
	</size>
	<segmented>0</segmented>
	<object>
		<name>dog</name>
		<pose>Unspecified</pose>
		<truncated>0</truncated>
		<difficult>0</difficult>
		<bndbox>
			<xmin>64</xmin>
			<ymin>57</ymin>
			<xmax>1133</xmax>
			<ymax>760</ymax>
		</bndbox>
	</object>
</annotation>
