<annotation>
	<folder>images</folder>
	<filename>n02085620_11477.jpg</filename>
	<path>/run/media/neo/Space/YOLOv3_JKTYRE/data/train/images/n02085620_11477.jpg</path>
	<source>
		<database>Unknown</database>
	</source>
	<size>
		<width>887</width>
		<height>629</height>
		<depth>3</depth>
	</size>
	<segmented>0</segmented>
	<object>
		<name>dog</name>
		<pose>Unspecified</pose>
		<truncated>0</truncated>
		<difficult>0</difficult>
		<bndbox>
			<xmin>305</xmin>
			<ymin>84</ymin>
			<xmax>564</xmax>
			<ymax>452</ymax>
		</bndbox>
	</object>
</annotation>
