<annotation>
	<folder>images</folder>
	<filename>n02085782_2695.jpg</filename>
	<path>/run/media/neo/Space/YOLOv3_JKTYRE/data/train/images/n02085782_2695.jpg</path>
	<source>
		<database>Unknown</database>
	</source>
	<size>
		<width>399</width>
		<height>255</height>
		<depth>3</depth>
	</size>
	<segmented>0</segmented>
	<object>
		<name>dog</name>
		<pose>Unspecified</pose>
		<truncated>0</truncated>
		<difficult>0</difficult>
		<bndbox>
			<xmin>39</xmin>
			<ymin>27</ymin>
			<xmax>166</xmax>
			<ymax>187</ymax>
		</bndbox>
	</object>
	<object>
		<name>dog</name>
		<pose>Unspecified</pose>
		<truncated>0</truncated>
		<difficult>0</difficult>
		<bndbox>
			<xmin>157</xmin>
			<ymin>58</ymin>
			<xmax>316</xmax>
			<ymax>215</ymax>
		</bndbox>
	</object>
</annotation>
