<annotation>
	<folder>images</folder>
	<filename>n02085782_1626.jpg</filename>
	<path>/run/media/neo/Space/YOLOv3_JKTYRE/data/train/images/n02085782_1626.jpg</path>
	<source>
		<database>Unknown</database>
	</source>
	<size>
		<width>619</width>
		<height>495</height>
		<depth>3</depth>
	</size>
	<segmented>0</segmented>
	<object>
		<name>dog</name>
		<pose>Unspecified</pose>
		<truncated>0</truncated>
		<difficult>0</difficult>
		<bndbox>
			<xmin>20</xmin>
			<ymin>13</ymin>
			<xmax>555</xmax>
			<ymax>476</ymax>
		</bndbox>
	</object>
</annotation>
