<annotation>
	<folder>images</folder>
	<filename>n02085782_593.jpg</filename>
	<path>/run/media/neo/Space/YOLOv3_JKTYRE/data/train/images/n02085782_593.jpg</path>
	<source>
		<database>Unknown</database>
	</source>
	<size>
		<width>465</width>
		<height>576</height>
		<depth>3</depth>
	</size>
	<segmented>0</segmented>
	<object>
		<name>dog</name>
		<pose>Unspecified</pose>
		<truncated>0</truncated>
		<difficult>0</difficult>
		<bndbox>
			<xmin>41</xmin>
			<ymin>56</ymin>
			<xmax>425</xmax>
			<ymax>531</ymax>
		</bndbox>
	</object>
</annotation>
