<annotation>
	<folder>images</folder>
	<filename>n02085782_2690.jpg</filename>
	<path>/run/media/neo/Space/YOLOv3_JKTYRE/data/train/images/n02085782_2690.jpg</path>
	<source>
		<database>Unknown</database>
	</source>
	<size>
		<width>530</width>
		<height>397</height>
		<depth>3</depth>
	</size>
	<segmented>0</segmented>
	<object>
		<name>dog</name>
		<pose>Unspecified</pose>
		<truncated>1</truncated>
		<difficult>0</difficult>
		<bndbox>
			<xmin>14</xmin>
			<ymin>9</ymin>
			<xmax>522</xmax>
			<ymax>397</ymax>
		</bndbox>
	</object>
</annotation>
