<annotation>
	<folder>images</folder>
	<filename>n02085782_4780.jpg</filename>
	<path>/run/media/neo/Space/YOLOv3_JKTYRE/data/train/images/n02085782_4780.jpg</path>
	<source>
		<database>Unknown</database>
	</source>
	<size>
		<width>232</width>
		<height>300</height>
		<depth>3</depth>
	</size>
	<segmented>0</segmented>
	<object>
		<name>dog</name>
		<pose>Unspecified</pose>
		<truncated>0</truncated>
		<difficult>0</difficult>
		<bndbox>
			<xmin>37</xmin>
			<ymin>81</ymin>
			<xmax>189</xmax>
			<ymax>254</ymax>
		</bndbox>
	</object>
</annotation>
