<annotation>
	<folder>images</folder>
	<filename>n02086079_22412.jpg</filename>
	<path>/run/media/neo/Space/YOLOv3_JKTYRE/data/train/images/n02086079_22412.jpg</path>
	<source>
		<database>Unknown</database>
	</source>
	<size>
		<width>400</width>
		<height>202</height>
		<depth>3</depth>
	</size>
	<segmented>0</segmented>
	<object>
		<name>dog</name>
		<pose>Unspecified</pose>
		<truncated>0</truncated>
		<difficult>0</difficult>
		<bndbox>
			<xmin>3</xmin>
			<ymin>3</ymin>
			<xmax>388</xmax>
			<ymax>198</ymax>
		</bndbox>
	</object>
</annotation>
